engine_id,cycle,setting1,setting2,setting3,sensor1,sensor2,sensor3,sensor4,sensor5,sensor6,sensor7,sensor8,sensor9,sensor10,sensor11,sensor12,sensor13,sensor14,sensor15,sensor16,sensor17,sensor18,sensor19,sensor20,sensor21,setting1_mean,setting1_std,setting2_mean,setting2_std,setting3_mean,setting3_std,sensor1_mean,sensor1_std,sensor2_mean,sensor2_std,sensor3_mean,sensor3_std,sensor4_mean,sensor4_std,sensor5_mean,sensor5_std,sensor6_mean,sensor6_std,sensor7_mean,sensor7_std,sensor8_mean,sensor8_std,sensor9_mean,sensor9_std,sensor10_mean,sensor10_std,sensor11_mean,sensor11_std,sensor12_mean,sensor12_std,sensor13_mean,sensor13_std,sensor14_mean,sensor14_std,sensor15_mean,sensor15_std,sensor16_mean,sensor16_std,sensor17_mean,sensor17_std,sensor18_mean,sensor18_std,sensor19_mean,sensor19_std,sensor20_mean,sensor20_std,sensor21_mean,sensor21_std,predicted_RUL
1,31,-0.0006,0.0004,100.0,518.67,642.58,1581.22,1398.91,14.62,21.61,554.42,2388.08,9056.4,1.3,47.23,521.79,2388.06,8130.11,8.4024,0.03,393,2388,100.0,38.81,23.3552,-4.0000000000000125e-05,0.0018635986692418,0.0003,0.0001870828693386,100.0,0.0,518.67,0.0,642.266,0.3938654592622749,1586.998,4.683862722155818,1399.918,1.3626885190693168,14.62,0.0,21.61,0.0,554.116,0.3382750360282371,2388.082,0.0083666002626857,9050.324,5.200800899864842,1.3,0.0,47.288,0.1522169504358771,521.924,0.2615912842582457,2388.064,0.0288097205818325,8132.031999999999,3.302941113616208,8.4262,0.0211740407102672,0.03,0.0,392.0,0.7071067811865349,2388.0,0.0,100.0,0.0,38.924,0.1240161279834249,23.3735,0.0250372722156417,166.14285714285714
2,49,0.0018,-0.0001,100.0,518.67,642.55,1586.59,1410.83,14.62,21.61,553.52,2388.1,9044.77,1.3,47.67,521.74,2388.09,8126.9,8.4505,0.03,391,2388,100.0,38.81,23.2618,-5.999999999999994e-05,0.0026463181970428,-0.00016,0.000151657508881,100.0,0.0,518.67,0.0,642.672,0.1678392087685813,1588.342,1.559669836855882,1406.778,4.535578243179136,14.62,0.0,21.61,0.0,553.748,0.3577289476685887,2388.108,0.0443846820428802,9047.032,3.0449006551892297,1.3,0.0,47.506,0.0983869910099811,521.5959999999999,0.4502554830314395,2388.102,0.0083666002633017,8127.672,1.370062042394412,8.442260000000001,0.0114292606935048,0.03,0.0,392.2,1.095445115010327,2388.0,0.0,100.0,0.0,38.902,0.0697853852894948,23.27434,0.0278204600968161,157.75714285714287
3,126,-0.0016,0.0004,100.0,518.67,642.88,1589.75,1418.89,14.62,21.61,552.59,2388.16,9049.26,1.3,47.88,520.83,2388.14,8131.46,8.4119,0.03,395,2388,100.0,38.93,23.274,-0.00096,0.0031004838332105,0.0001199999999999,0.0003563705936241,100.0,0.0,518.67,0.0,642.874,0.287367360707529,1592.64,4.20515160249804,1413.35,3.3579755806130582,14.62,0.0,21.61,0.0,552.702,0.2926089540679025,2388.166,0.0288097205771978,9047.406,1.608782148051204,1.3,0.0,47.706,0.1119374825517177,520.722,0.4182343840482983,2388.174,0.029664793953833,8129.666,2.97909046522832,8.458680000000001,0.030924294656452,0.03,0.0,394.2,0.8366600265340581,2388.0,0.0,100.0,0.0,38.686,0.1436314728741723,23.24412,0.018966470414912,44.44285714285714
4,106,0.0012,0.0004,100.0,518.67,642.78,1594.53,1406.88,14.62,21.61,552.64,2388.13,9051.3,1.3,47.65,521.88,2388.11,8133.64,8.4634,0.03,395,2388,100.0,38.58,23.2581,-0.0002999999999999,0.0022090722034374,-0.0001,0.0003162277660168,100.0,0.0,518.67,0.0,642.786,0.1064424727221961,1591.918,2.818611360226509,1410.736,5.28210469415376,14.62,0.0,21.61,0.0,553.4440000000001,0.5909991539757856,2388.116,0.0581377674138031,9054.8,4.536805043195924,1.3,0.0,47.642,0.0465832587952593,521.434,0.3632905173548242,2388.114,0.0270185121721487,8134.327999999999,0.6229526466863214,8.45182,0.0212488117314818,0.03,0.0,393.6,1.3416407864998463,2388.0,0.0,100.0,0.0,38.758,0.1263724653553902,23.25156,0.021105994409164,109.02857142857142
5,98,-0.0013,-0.0004,100.0,518.67,642.27,1589.94,1419.36,14.62,21.61,553.29,2388.1,9053.99,1.3,47.46,521.0,2388.15,8125.74,8.4362,0.03,394,2388,100.0,38.75,23.4117,8.000000000000021e-05,0.0024324884377936,-2.0000000000000032e-05,0.0003346640106136,100.0,0.0,518.67,0.0,642.702,0.2595573154426523,1591.568,1.4966195241288442,1411.7959999999998,5.309739164969908,14.62,0.0,21.61,0.0,553.158,0.4541695718560228,2388.1220000000003,0.0389871773803303,9053.329999999998,3.212716918741053,1.3,0.0,47.536,0.1591540134586584,521.0620000000001,0.2602306669087869,2388.134,0.0230217288651814,8128.798,1.923608588034124,8.43662,0.0096274087894904,0.03,0.0,393.4,0.5477225575052446,2388.0,0.0,100.0,0.0,38.81,0.0919238815542428,23.29114,0.1011001137487052,130.65714285714284
6,105,0.0076,-0.0003,100.0,518.67,643.05,1586.94,1404.49,14.62,21.61,553.73,2388.14,9055.83,1.3,47.51,521.56,2388.15,8139.02,8.4452,0.03,393,2388,100.0,38.91,23.3269,0.00332,0.0026451843035977,-0.0001599999999999,0.0002073644135332,100.0,0.0,518.67,0.0,642.586,0.512474389604062,1588.934,1.860653111139795,1406.044,1.7129594274229538,14.62,0.0,21.61,0.0,553.2900000000001,0.3166228039796449,2388.146,0.0260768096249242,9052.462,2.259617224219064,1.3,0.0,47.516,0.0698569967862527,521.382,0.2057182539298491,2388.116,0.0288097205849993,8132.738,4.295633829830146,8.448739999999999,0.0074875229549238,0.03,0.0,392.8,0.4472135955000326,2388.0,0.0,100.0,0.0,38.774,0.1533949151699649,23.28456,0.0717942755378303,136.5142857142857
7,160,0.0016,-0.0001,100.0,518.67,642.1,1589.59,1413.57,14.62,21.61,553.42,2388.04,9070.99,1.3,47.32,522.32,2388.07,8149.19,8.4028,0.03,393,2388,100.0,38.91,23.2763,0.0008199999999999,0.0021672563300172,-0.00012,0.0001923538406167,100.0,0.0,518.67,0.0,642.216,0.3095642098171104,1587.0220000000002,3.2244798030055986,1407.3719999999998,5.8127936484966805,14.62,0.0,21.61,0.0,553.876,0.4504220243289351,2388.028,0.0216794833881762,9067.832,7.970515667125185,1.3,0.0,47.35,0.0897217922245523,522.192,0.3264506088216328,2388.054,0.0320936130681938,8145.867999999999,2.739885034087493,8.4241,0.0167182534973258,0.03,0.0,393.0,0.0,2388.0,0.0,100.0,0.0,38.956,0.0983869910099934,23.33198,0.0636944817075998,106.3
8,166,0.0016,-0.0005,100.0,518.67,642.59,1591.91,1413.89,14.62,21.61,553.51,2388.14,9049.96,1.3,47.59,520.53,2388.12,8127.84,8.4744,0.03,393,2388,100.0,38.73,23.2465,0.0005,0.0011726039399558,7.999999999999999e-05,0.0004207136793592,100.0,0.0,518.67,0.0,642.8900000000001,0.2610555496438774,1592.436,3.8163241476589023,1410.176,4.324191253863985,14.62,0.0,21.61,0.0,553.184,0.3369421315314829,2388.13,0.0264575131087139,9049.198,3.1616641187870465,1.3,0.0,47.546,0.0502991053598645,520.892,0.2071714266021333,2388.1159999999995,0.0230217288651221,8129.840000000001,2.017424100181237,8.4539,0.0183013660692254,0.03,0.0,392.8,0.4472135954999373,2388.0,0.0,100.0,0.0,38.78,0.0543139024558603,23.29198,0.0364366848107699,131.4857142857143
9,55,-0.0003,0.0004,100.0,518.67,642.27,1593.61,1410.27,14.62,21.61,552.58,2388.13,9057.57,1.3,47.58,521.65,2388.16,8134.76,8.4293,0.03,392,2388,100.0,38.78,23.3515,-0.00076,0.0013030732903409,6e-05,0.0002966479394838,100.0,0.0,518.67,0.0,642.55,0.344746283518452,1588.58,3.6429589621621994,1407.5300000000002,2.5808428855699628,14.62,0.0,21.61,0.0,553.2520000000001,0.5222738745142993,2388.134,0.0054772255759235,9052.437999999998,4.220565128039841,1.3,0.0,47.584,0.0923579991121667,521.528,0.3614830563109685,2388.1420000000003,0.0383405790237512,8133.514,3.909556240800356,8.44332,0.0135250508317064,0.03,0.0,392.8,0.836660026534056,2388.0,0.0,100.0,0.0,38.794,0.0151657508879172,23.33906,0.0479284153712673,140.84285714285716
10,192,-0.0018,0.0004,100.0,518.67,643.0,1589.5,1398.99,14.62,21.61,552.88,2388.11,9060.88,1.3,47.59,521.82,2388.08,8141.91,8.4194,0.03,393,2388,100.0,38.79,23.2956,-0.0016399999999999,0.0012218837915284,-6.000000000000003e-05,0.0003781534080237,100.0,0.0,518.67,0.0,642.798,0.2350957251852088,1589.724,4.128611146621649,1403.658,6.276373953167783,14.62,0.0,21.61,0.0,553.574,0.4933862584219807,2388.094,0.032863353450575,9061.646,2.6367745447828623,1.3,0.0,47.436,0.1786896751355297,521.546,0.161493033903284,2388.056,0.016733200525445,8140.204,3.062242642242869,8.4301,0.0304894243960088,0.03,0.0,392.8,0.8366600265340411,2388.0,0.0,100.0,0.0,38.864,0.0879204185613404,23.2793,0.0558610329299524,127.62857142857143
11,83,0.0001,0.0004,100.0,518.67,642.42,1587.73,1414.22,14.62,21.61,552.8,2388.21,9037.11,1.3,47.67,520.74,2388.18,8116.85,8.464,0.03,394,2388,100.0,38.66,23.2908,5.6920614055489e-20,0.0014035668847618,0.0001,0.0002549509756796,100.0,0.0,518.67,0.0,642.8,0.3153569406245892,1592.378,5.906282248589027,1415.558,4.898134338703144,14.62,0.0,21.61,0.0,553.192,0.4130617387270168,2388.1940000000004,0.0415932686903416,9035.544,3.631236703944908,1.3,0.0,47.59,0.1214495780149244,520.854,0.3236201477040822,2388.154,0.0409878030642846,8117.526000000001,1.384857393391133,8.449060000000001,0.013243413457267,0.03,0.0,392.6,1.3416407864998476,2388.0,0.0,100.0,0.0,38.722,0.0960208310732664,23.26474,0.0444611403362392,98.04285714285714
12,217,0.0013,0.0003,100.0,518.67,642.59,1595.9,1409.64,14.62,21.61,553.36,2388.04,9074.24,1.3,47.37,522.03,2388.02,8155.74,8.4482,0.03,393,2388,100.0,38.81,23.2861,0.0004,0.0020260799589354,-0.00016,0.0003049590136395,100.0,0.0,518.67,0.0,642.446,0.2773625785851039,1587.834,5.075882189333513,1407.396,2.323645842212697,14.62,0.0,21.61,0.0,553.8019999999999,0.3032655601940112,2388.046,0.0313049516839704,9069.73,4.463496387357572,1.3,0.0,47.40599999999999,0.0461519230367577,521.818,0.2995329698062396,2388.056,0.0403732584701762,8150.048,3.2859960438229177,8.43058,0.0209869483250704,0.03,0.0,392.4,0.5477225575051505,2388.0,0.0,100.0,0.0,38.784,0.0497995983918257,23.32662,0.040809765988012,81.95714285714286
13,195,0.0032,-0.0004,100.0,518.67,642.37,1591.31,1414.51,14.62,21.61,553.28,2388.1,9060.92,1.3,47.52,521.3,2388.12,8146.8,8.4336,0.03,394,2388,100.0,38.75,23.282,-0.0002599999999999,0.0024935917869611,-5.999999999999998e-05,0.000328633534503,100.0,0.0,518.67,0.0,642.5,0.1099999999989216,1590.568,3.064501590799729,1410.27,3.4313918458851083,14.62,0.0,21.61,0.0,553.502,0.4394542069431368,2388.074,0.0357770876446725,9061.702,1.8604219951419776,1.3,0.0,47.478,0.0593295878968413,521.682,0.3380384593487744,2388.088,0.0443846820455313,8146.005999999999,3.400555836914707,8.42418,0.0209598902668959,0.03,0.0,393.4,1.1401754250990948,2388.0,0.0,100.0,0.0,38.858,0.0988433103452264,23.30912,0.0445586916324021,102.3
14,46,0.0013,-0.0002,100.0,518.67,642.91,1591.39,1408.35,14.62,21.61,553.75,2388.17,9037.35,1.3,47.57,520.66,2388.1,8118.1,8.4233,0.03,393,2388,100.0,38.69,23.2603,0.0002999999999999,0.0039287402561126,-0.00012,0.000130384048104,100.0,0.0,518.67,0.0,642.742,0.1654388104405015,1593.5800000000002,3.960612326395853,1411.046,4.346151170864341,14.62,0.0,21.61,0.0,553.2860000000001,0.318402261298723,2388.172,0.0363318042489157,9036.736,4.9301500991321205,1.3,0.0,47.64399999999999,0.1246194206373942,521.044,0.3103707460439677,2388.154,0.0472228758123473,8118.444,3.279547224842287,8.436599999999999,0.0179865227323086,0.03,0.0,393.0,0.707106781186545,2388.0,0.0,100.0,0.0,38.806,0.0702139587261695,23.27582,0.0331726845461672,97.44285714285714
15,76,-0.0012,-0.0,100.0,518.67,642.49,1589.21,1400.61,14.62,21.61,554.08,2388.1,9056.1,1.3,47.25,522.12,2388.11,8139.75,8.4067,0.03,392,2388,100.0,39.17,23.4085,0.0002,0.0014815532390029,0.0,0.0003,100.0,0.0,518.67,0.0,642.48,0.3299999999998045,1592.5,4.8083625071313865,1402.674,5.262488004737556,14.62,0.0,21.61,0.0,554.262,0.3000333314820538,2388.068,0.0363318042502341,9056.588,4.445151291011136,1.3,0.0,47.342,0.1134460224071533,521.856,0.3162751966246321,2388.07,0.0393700393690542,8134.041999999999,4.0406645493017495,8.41562,0.0059562572140591,0.03,0.0,392.6,0.8944271909999043,2388.0,0.0,100.0,0.0,39.02,0.0894427191000031,23.3759,0.0710610652889525,172.55714285714285
16,113,-0.0005,0.0002,100.0,518.67,642.99,1587.03,1401.0,14.62,21.61,554.6,2388.08,9059.75,1.3,47.37,521.77,2388.08,8147.4,8.4299,0.03,391,2388,100.0,38.81,23.304,-0.0009799999999999,0.0018512158166999,0.0001,0.0001870828693386,100.0,0.0,518.67,0.0,642.4939999999999,0.3013801586041141,1587.076,3.917924195285017,1400.994,1.8855317552352748,14.62,0.0,21.61,0.0,554.202,0.2378444870076362,2388.052,0.0311448230051796,9062.124,2.66721390218444,1.3,0.0,47.338,0.0589067059000935,521.662,0.2194766502393527,2388.054,0.018165902122268,8144.983999999999,5.584839299390934,8.42234,0.008881047235543,0.03,0.0,391.8,1.095445115010405,2388.0,0.0,100.0,0.0,38.916,0.0861974477580498,23.3286,0.0740161806634138,127.18571428571428
17,165,0.0009,-0.0001,100.0,518.67,642.9,1599.17,1412.54,14.62,21.61,553.49,2388.06,9094.72,1.3,47.55,521.52,2388.03,8171.98,8.4319,0.03,394,2388,100.0,38.7,23.2948,0.0007599999999999,0.0028023204670415,6.000000000000003e-05,0.000350713558335,100.0,0.0,518.67,0.0,642.8219999999999,0.2635716221431955,1592.718,6.113359959955936,1411.858,4.486754952080177,14.62,0.0,21.61,0.0,553.4359999999999,0.3981582599899078,2388.056,0.0167332005235902,9094.454000000002,0.7654279852293435,1.3,0.0,47.5,0.0781024967591094,521.666,0.4044502441592214,2388.032,0.0178885438190636,8169.829999999999,2.8194414340830365,8.44386,0.0283151549527716,0.03,0.0,393.4,1.1401754250991212,2388.0,0.0,100.0,0.0,38.80200000000001,0.1073312629199313,23.27912,0.0366918519565717,55.957142857142856
18,133,0.0007,0.0001,100.0,518.67,643.0,1600.45,1419.18,14.62,21.61,553.36,2388.14,9056.09,1.3,47.7,521.06,2388.19,8136.8,8.4418,0.03,395,2388,100.0,38.71,23.2637,-0.00014,0.0029125590122776,0.0001999999999999,0.0002549509756796,100.0,0.0,518.67,0.0,642.942,0.274899981812261,1597.098,4.087257026414007,1414.466,4.717873461637129,14.62,0.0,21.61,0.0,553.3340000000001,0.4842313496661908,2388.154,0.0288097205837513,9056.97,6.65923794439547,1.3,0.0,47.628,0.098843310345239,521.1479999999999,0.1944736486045979,2388.13,0.0353553390569768,8134.973999999999,1.7059542784380182,8.4525,0.0225959067089617,0.03,0.0,393.4,1.1401754250991258,2388.0,0.0,100.0,0.0,38.658,0.0739594483483358,23.24172,0.0504544051594438,65.15714285714286
19,135,0.0004,0.0003,100.0,518.67,642.79,1588.88,1406.32,14.62,21.61,553.87,2388.1,9055.54,1.3,47.35,521.48,2388.06,8140.2,8.4768,0.03,393,2388,100.0,38.83,23.3297,0.00154,0.0020947553556441,0.00028,0.0003271085446759,100.0,0.0,518.67,0.0,642.4680000000001,0.2487368086960675,1588.082,3.518226826114592,1403.904,4.089991442536707,14.62,0.0,21.608,0.0044721359549988,553.9979999999999,0.435970182466838,2388.07,0.0308220700114133,9061.098,4.2360854571333935,1.3,0.0,47.474,0.0709224929060749,521.672,0.2391024884861106,2388.066,0.0194935886853593,8141.589999999999,3.5569017416913637,8.4232,0.0367249914908104,0.03,0.0,392.8,0.8366600265340518,2388.0,0.0,100.0,0.0,38.886,0.0343511280745721,23.32676,0.0322773604868174,156.82857142857142
20,184,-0.0006,-0.0004,100.0,518.67,643.75,1595.12,1419.6,14.62,21.61,552.19,2388.14,9066.49,1.3,48.13,520.64,2388.21,8138.86,8.469,0.03,395,2388,100.0,38.35,23.0242,0.00026,0.0008988882021697,-0.00028,0.0003271085446759,100.0,0.0,518.67,0.0,643.4979999999999,0.2680858071595619,1598.786,6.627697941215465,1421.462,1.907870540666376,14.62,0.0,21.61,0.0,551.786,0.4327585932133356,2388.198,0.0486826457721456,9062.38,3.0571228303735807,1.3,0.0,48.008,0.0941806774232976,520.452,0.2336022260150303,2388.222,0.0130384047966604,8140.117999999999,3.163822055674974,8.4985,0.0367462923299543,0.03,0.0,395.4,1.140175425099171,2388.0,0.0,100.0,0.0,38.536,0.1186591757934967,23.12214,0.0673361567064043,19.914285714285715
21,148,0.0052,0.0005,100.0,518.67,642.66,1592.32,1403.77,14.62,21.61,553.86,2388.06,9087.25,1.3,47.46,522.02,2388.07,8168.51,8.441,0.03,392,2388,100.0,38.74,23.4982,0.00216,0.0025598828098176,-0.00014,0.0003781534080237,100.0,0.0,518.67,0.0,642.414,0.2447039027079575,1591.626,1.9592039199649736,1404.604,3.205897690195009,14.62,0.0,21.61,0.0,553.9379999999999,0.1449827575951021,2388.032,0.0303315017769404,9084.482,4.191141849139857,1.3,0.0,47.38,0.0758287544406342,521.88,0.2476893215295485,2388.036,0.0279284800867797,8164.544,3.539629924152405,8.42708,0.0288377703714972,0.03,0.0,393.2,1.30384048104052,2388.0,0.0,100.0,0.0,38.854,0.1062073443788781,23.36572,0.0890180711990606,77.14285714285714
22,39,-0.0,-0.0005,100.0,518.67,642.5,1583.42,1410.16,14.62,21.61,554.04,2388.09,9055.41,1.3,47.36,521.77,2388.11,8133.12,8.4143,0.03,392,2388,100.0,38.97,23.3058,-0.0005399999999999,0.0018676188047886,-2.000000000000002e-05,0.0004024922359499,100.0,0.0,518.67,0.0,642.632,0.2338161671057495,1590.128,3.783327900142512,1407.53,3.109011096795056,14.62,0.0,21.61,0.0,553.592,0.3367788591936719,2388.09,0.0173205080749356,9047.368,4.849455639550986,1.3,0.0,47.496,0.1217784874269703,521.7259999999999,0.4059926107702539,2388.096,0.0260768096210829,8127.844,3.7453344309971537,8.416360000000001,0.0128048037860762,0.03,0.0,392.6,0.8944271909999203,2388.0,0.0,100.0,0.0,38.91799999999999,0.1237739875741354,23.3185,0.0633207312023571,140.44285714285715
23,130,-0.0006,0.0003,100.0,518.67,642.03,1588.77,1403.06,14.62,21.61,554.15,2388.05,9051.1,1.3,47.22,521.83,2388.08,8133.6,8.4249,0.03,392,2388,100.0,38.97,23.2815,-0.0002199999999999,0.0028656587375331,5.999999999999992e-05,0.0002302172886644,100.0,0.0,518.67,0.0,642.518,0.3081720298783216,1586.27,4.24074875464222,1398.446,3.1048800298882484,14.62,0.0,21.61,0.0,554.14,0.2537715508081265,2388.046,0.040373258478155,9051.708,4.192489713764881,1.3,0.0,47.246,0.0887693640847084,521.9939999999999,0.3211385993614497,2388.0520000000006,0.0238746727715997,8133.13,2.228497251512864,8.39454,0.0262625779389636,0.03,0.0,391.6,0.8944271909999362,2388.0,0.0,100.0,0.0,38.946,0.0789303490426425,23.39554,0.0749844850619061,208.5142857142857
24,186,-0.0004,0.0002,100.0,518.67,643.28,1593.82,1415.13,14.62,21.61,553.78,2388.08,9148.56,1.3,47.7,520.69,2388.07,8211.21,8.4785,0.03,393,2388,100.0,38.72,23.2093,0.00044,0.0010968135666556,-0.00014,0.0003049590136395,100.0,0.0,518.67,0.0,643.094,0.2177842969499845,1593.324,6.525222601567301,1414.218,2.794847044110947,14.62,0.0,21.61,0.0,553.17,0.5293864373038584,2388.086,0.0167332005361514,9145.684,2.2756823149812897,1.3,0.0,47.702,0.0762889244911582,521.272,0.3935352589017787,2388.088,0.0408656334845247,8212.542,3.954177537715717,8.4648,0.0181091137276524,0.03,0.0,394.2,0.8366600265340263,2388.0,0.0,100.0,0.0,38.60600000000001,0.0646529195011549,23.26864,0.0489412198458883,21.142857142857142
25,48,0.0019,-0.0004,100.0,518.67,642.92,1584.08,1403.1,14.62,21.61,553.55,2388.08,9046.2,1.3,47.38,521.75,2388.07,8132.18,8.4422,0.03,394,2388,100.0,38.9,23.3876,-4.0000000000000064e-05,0.0020007498594277,-0.0002,0.0003741657386773,100.0,0.0,518.67,0.0,642.636,0.2247887897555349,1587.492,4.058863141323594,1403.732,4.588700251705605,14.62,0.0,21.61,0.0,553.846,0.4369553752957882,2388.0660000000003,0.0230217288681468,9050.078,3.412414101484681,1.3,0.0,47.314,0.0665582451692002,521.8860000000001,0.4427527526735039,2388.078,0.0148323969726729,8132.523999999999,3.1075842707805217,8.41338,0.0269024534197129,0.03,0.0,392.6,0.8944271909999043,2388.0,0.0,100.0,0.0,38.938,0.0661059755241446,23.32786,0.0708129084277706,158.67142857142858
26,76,-0.002,0.0003,100.0,518.67,642.31,1580.98,1402.4,14.62,21.61,554.45,2388.02,9074.01,1.3,47.4,521.93,2387.98,8151.64,8.4331,0.03,392,2388,100.0,38.89,23.366,0.00022,0.0023668544526438,0.00032,0.0002387467277262,100.0,0.0,518.67,0.0,642.3100000000001,0.2339871791355972,1586.806,4.054322384813337,1399.694,5.580141575264853,14.62,0.0,21.61,0.0,554.048,0.4828250200643455,2388.032,0.0327108544691742,9065.54,5.845737763535541,1.3,0.0,47.358,0.0801249024960266,522.066,0.1657709262809011,2388.014,0.0421900462194056,8151.219999999999,3.511929668991756,8.394120000000001,0.0240625642856294,0.03,0.0,392.0,0.7071067811864947,2388.0,0.0,100.0,0.0,38.91,0.0761577310586663,23.40276,0.0654884951728074,135.27142857142857
27,140,0.0038,0.0005,100.0,518.67,642.56,1586.56,1407.16,14.62,21.61,553.3,2388.06,9049.45,1.3,47.44,521.64,2388.14,8124.15,8.44,0.03,392,2388,100.0,38.9,23.185,0.00096,0.0024805241381611,6.0000000000000015e-05,0.000350713558335,100.0,0.0,518.67,0.0,642.506,0.2120848886642519,1587.336,4.137013415497211,1404.3380000000002,2.216330300285528,14.62,0.0,21.61,0.0,553.654,0.2104281349988542,2388.084,0.0320936130703148,9049.562000000002,2.8876582207801875,1.3,0.0,47.386,0.0433589667774459,521.6600000000001,0.2370653918232224,2388.086,0.0364691650518017,8131.084,4.726127378728209,8.43116,0.0218907057903666,0.03,0.0,392.4,1.1401754250991352,2388.0,0.0,100.0,0.0,38.872,0.1098635517357952,23.29432,0.0939590176619541,140.88571428571427
28,158,-0.0002,0.0,100.0,518.67,642.86,1590.81,1405.28,14.62,21.61,553.26,2388.1,9065.84,1.3,47.59,521.63,2388.11,8134.63,8.4564,0.03,393,2388,100.0,38.86,23.2826,-0.0002399999999999,0.0006268971207462,0.0001999999999999,0.0001870828693386,100.0,0.0,518.67,0.0,642.698,0.2431460466459007,1590.44,2.398072142368183,1407.5099999999998,2.677536180895297,14.62,0.0,21.61,0.0,553.408,0.4922600938536869,2388.088,0.0277488738493202,9064.356,4.178549987721796,1.3,0.0,47.55,0.1014889156509228,521.7059999999999,0.3309531688931022,2388.1040000000003,0.0194935886899535,8137.456,1.7670116015641708,8.44078,0.0117941510928128,0.03,0.0,393.4,0.5477225575052997,2388.0,0.0,100.0,0.0,38.842,0.0855569985448212,23.327260000000003,0.0499282785603588,106.67142857142858
29,171,-0.0002,-0.0001,100.0,518.67,642.53,1585.72,1405.88,14.62,21.61,553.29,2388.08,9074.11,1.3,47.26,521.57,2388.07,8147.27,8.4202,0.03,393,2388,100.0,38.98,23.1975,-0.00046,0.0020815859338494,-0.00012,0.0002683281572999,100.0,0.0,518.67,0.0,642.624,0.2574490240803645,1587.5279999999998,6.485385108071333,1407.7600000000002,3.403446782311506,14.62,0.0,21.61,0.0,553.736,0.4829389195327619,2388.054,0.0279284800860735,9070.178,3.366744718543716,1.3,0.0,47.36,0.1129158979064073,521.4559999999999,0.2945844530872961,2388.08,0.0273861278739527,8148.544,3.939058263085868,8.415799999999999,0.0217631569401116,0.03,0.0,393.4,0.5477225575051246,2388.0,0.0,100.0,0.0,38.894,0.081117199162676,23.31212,0.1157004191867743,106.67142857142858
30,143,-0.0036,0.0,100.0,518.67,642.54,1599.22,1408.62,14.62,21.61,553.01,2388.12,9057.71,1.3,47.61,521.32,2388.13,8135.44,8.4829,0.03,393,2388,100.0,38.78,23.3175,-0.0003199999999999,0.0024529573987332,0.0001599999999999,0.0002701851217221,100.0,0.0,518.67,0.0,642.7099999999999,0.1581138830088172,1593.422,4.912099347529716,1410.518,3.456728221887855,14.62,0.0,21.61,0.0,553.46,0.417312832297218,2388.118,0.0204939015332069,9050.708,4.762238969224262,1.3,0.0,47.556,0.0750333259292076,521.118,0.1599062225160032,2388.14,0.0173205080688057,8131.13,3.3793046621980456,8.458760000000002,0.0302211515333285,0.03,0.0,393.8,1.4832396974191289,2388.0,0.0,100.0,0.0,38.774,0.0461519230366988,23.25412,0.0377484701676442,117.25714285714285
31,196,-0.0005,0.0001,100.0,518.67,643.31,1598.19,1420.66,14.62,21.61,551.48,2388.18,9090.98,1.3,47.78,519.55,2388.22,8157.84,8.5015,0.03,395,2388,100.0,38.53,23.1105,0.00182,0.0022038602496528,-8e-05,0.0002167948338867,100.0,0.0,518.67,0.0,643.552,0.247729691397243,1598.036,3.7272483147744433,1427.312,4.7288550411262245,14.62,0.0,21.61,0.0,551.6519999999999,0.1746997424176022,2388.192,0.0258843582117596,9087.42,4.38390807388288,1.3,0.0,48.0,0.1573213272252632,519.956,0.3181666230140716,2388.198,0.0148323969855989,8156.718000000001,3.572522918052796,8.492280000000001,0.0225158166629113,0.03,0.0,395.2,0.8366600265340411,2388.0,0.0,100.0,0.0,38.534000000000006,0.0939680796868658,23.11658,0.0396010353399449,14.814285714285715
32,145,-0.0033,-0.0001,100.0,518.67,642.96,1587.37,1406.22,14.62,21.61,553.84,2388.05,9105.13,1.3,47.48,522.3,2388.05,8173.9,8.438,0.03,394,2388,100.0,38.84,23.3456,0.0001199999999999,0.0023058620947489,-5.963111948670275e-20,0.0003535533905932,100.0,0.0,518.67,0.0,642.588,0.281904239061361,1591.6280000000002,3.8158249435696425,1409.268,2.0574425872947404,14.62,0.0,21.61,0.0,553.866,0.2123205124312618,2388.028,0.0216794833907772,9099.76,3.737920544870569,1.3,0.0,47.464,0.0415932686862232,521.754,0.3528172331399624,2388.034000000001,0.0114017542516889,8173.982000000001,2.493295008660572,8.44098,0.0203315518345053,0.03,0.0,393.2,0.8366600265340518,2388.0,0.0,100.0,0.0,38.812000000000005,0.1267675037223452,23.28484,0.0458842347653456,51.58571428571429
33,50,0.0005,0.0005,100.0,518.67,642.42,1579.36,1416.53,14.62,21.61,553.56,2388.14,9059.56,1.3,47.61,520.95,2388.11,8134.27,8.4463,0.03,392,2388,100.0,38.73,23.2843,0.00178,0.0013953494186045,8e-05,0.000303315017762,100.0,0.0,518.67,0.0,642.6120000000001,0.2738065010182656,1588.094,5.804522374838967,1409.636,4.551492063049327,14.62,0.0,21.61,0.0,553.2959999999999,0.2321206582791527,2388.126,0.0167332005300333,9058.82,4.559194007714872,1.3,0.0,47.596,0.0702139587261839,521.438,0.3493851742703595,2388.108,0.0311448230050211,8137.160000000001,3.4181281427119594,8.45348,0.0248132424322199,0.03,0.0,393.2,1.3038404810405404,2388.0,0.0,100.0,0.0,38.758,0.1147606204235629,23.2971,0.0410357770731968,122.21428571428571
34,203,-0.0011,-0.0001,100.0,518.67,643.74,1600.38,1427.49,14.62,21.61,551.77,2388.29,9036.27,1.3,48.13,519.44,2388.25,8122.11,8.5158,0.03,397,2388,100.0,38.62,23.0641,-0.0006,0.0022226110770892,7.999999999999998e-05,0.0002774887385102,100.0,0.0,518.67,0.0,643.43,0.2199999999953981,1600.218,1.123552401983762,1427.362,3.806713805878781,14.62,0.0,21.61,0.0,551.728,0.1900526242957245,2388.258,0.0294957624369905,9043.920000000002,5.292943415492619,1.3,0.0,48.114,0.0541294744104996,519.8059999999999,0.2295212408417276,2388.262,0.0238746728026258,8124.694,2.1035042192099085,8.4971,0.0171109613990567,0.03,0.0,395.8,1.303840481040539,2388.0,0.0,100.0,0.0,38.486,0.1003992031840332,23.137880000000003,0.0540326475384329,5.0285714285714285
35,198,-0.0047,-0.0003,100.0,518.67,643.4,1602.02,1428.42,14.62,21.61,551.76,2388.26,9079.88,1.3,48.1,519.81,2388.22,8153.85,8.5141,0.03,395,2388,100.0,38.63,23.1161,-0.0016,0.00289741263889,-0.0002,0.0002449489742783,100.0,0.0,518.67,0.0,643.422,0.0349284984014581,1599.612,2.240852516348907,1426.084,3.873748830271116,14.62,0.0,21.61,0.0,551.9159999999999,0.1383112432060029,2388.224,0.0250998008090225,9081.808,2.8673803374932545,1.3,0.0,48.044,0.1604057355582095,520.03,0.3025723054049668,2388.202,0.0178885438304666,8154.024,4.759556702095437,8.50908,0.0194342995757596,0.03,0.0,395.6,1.3416407864998978,2388.0,0.0,100.0,0.0,38.588,0.1175584960775643,23.10104,0.0729133595440171,9.128571428571428
36,126,-0.0018,-0.0002,100.0,518.67,642.94,1599.19,1418.98,14.62,21.61,552.32,2388.16,9056.3,1.3,47.94,520.01,2388.22,8136.96,8.5259,0.03,394,2388,100.0,38.54,23.1534,-0.00122,0.0017977764043395,-6e-05,0.0002966479394838,100.0,0.0,518.67,0.0,643.2879999999999,0.3596804136998724,1600.852,2.0430173763306723,1422.834,2.34500106609608,14.62,0.0,21.61,0.0,551.862,0.2915818924416272,2388.168,0.0342052627508829,9064.298,5.14811324662219,1.3,0.0,47.908,0.094445751625094,520.132,0.2312358103733383,2388.2,0.0234520788076324,8138.433999999999,3.015680686017017,8.497319999999998,0.024007852881926,0.03,0.0,394.6,0.54772255750517,2388.0,0.0,100.0,0.0,38.594,0.1246194206374536,23.17716,0.0819340161349215,19.742857142857144
37,121,-0.0006,0.0002,100.0,518.67,643.34,1593.15,1413.38,14.62,21.61,552.56,2388.18,9041.71,1.3,47.69,520.69,2388.15,8119.07,8.4944,0.03,394,2388,100.0,38.76,23.2145,-0.0008199999999999,0.0010401922899156,-7.047314121155779e-20,0.0003807886552931,100.0,0.0,518.67,0.0,643.142,0.3019437033592771,1587.988,4.436955036959294,1412.594,1.3531925214089566,14.62,0.0,21.61,0.0,552.944,0.5202211068377759,2388.19,0.0158113882757451,9042.59,4.338081373114424,1.3,0.0,47.714,0.0384707681232625,520.984,0.1728583234855507,2388.178,0.0216794833869884,8121.244000000001,2.65579178401004,8.47244,0.0136844071848587,0.03,0.0,393.8,0.8366600265339456,2388.0,0.0,100.0,0.0,38.63,0.1736375535418786,23.24012,0.0767704174796304,65.61428571428571
38,125,-0.0015,-0.0003,100.0,518.67,643.04,1588.23,1404.91,14.62,21.61,553.09,2388.14,9086.18,1.3,47.86,520.91,2388.15,8160.76,8.4695,0.03,393,2388,100.0,38.78,23.1739,0.00126,0.0033827503602837,-3.999999999999996e-05,0.0003646916505762,100.0,0.0,518.67,0.0,642.994,0.2734593205586029,1591.426,2.4110433426213675,1413.448,4.95164316161747,14.62,0.0,21.61,0.0,552.73,0.293768616429292,2388.138,0.0228035085035822,9078.966,5.250740900085321,1.3,0.0,47.802,0.1314153720080215,520.952,0.0816700679547949,2388.11,0.039370039368749,8156.837999999999,3.5066465462651,8.48226,0.0180682871351982,0.03,0.0,394.2,1.3038404810405269,2388.0,0.0,100.0,0.0,38.766000000000005,0.1811905074776361,23.18674,0.0303107736621385,57.628571428571426
39,37,0.0004,0.0003,100.0,518.67,642.09,1581.58,1402.17,14.62,21.61,554.03,2388.02,9061.91,1.3,47.2,521.94,2388.0,8147.31,8.3904,0.03,393,2388,100.0,38.82,23.3721,-0.00198,0.0016991174179555,0.00012,0.0003898717737923,100.0,0.0,518.67,0.0,641.8100000000001,0.3203903868720767,1584.97,5.360956071448261,1398.6560000000002,3.483558525416859,14.62,0.0,21.61,0.0,554.192,0.108719823399968,2388.0080000000003,0.0228035085035582,9058.87,3.4042546908300366,1.3,0.0,47.212,0.0794984276574059,522.052,0.1162755348302538,2388.022,0.039623225512924,8143.640000000001,3.719811823197636,8.40526,0.0270041293138658,0.03,0.0,391.6,1.1401754250991414,2388.0,0.0,100.0,0.0,38.97,0.1135781669160216,23.37126,0.0394374568145552,152.97142857142856
40,133,-0.0036,-0.0005,100.0,518.67,643.2,1603.15,1420.48,14.62,21.61,552.57,2388.17,9066.45,1.3,47.84,520.41,2388.17,8143.07,8.47,0.03,396,2388,100.0,38.58,23.0906,0.00046,0.0030146309890266,-0.0002,0.0002236067977499,100.0,0.0,518.67,0.0,643.1700000000001,0.089442719101559,1595.202,5.617327656458571,1418.9740000000002,2.331111322950997,14.62,0.0,21.61,0.0,552.456,0.2881492668749537,2388.188,0.0370135110464665,9071.384000000002,4.27210486756498,1.3,0.0,47.86,0.0731436941916816,520.596,0.2205221077318156,2388.178,0.0327108544625485,8145.751999999999,2.317319572286075,8.473279999999999,0.0042874234687142,0.03,0.0,394.8,0.8366600265340963,2388.0,0.0,100.0,0.0,38.636,0.1031018913502982,23.17632,0.0842312115548634,35.77142857142857
41,123,-0.0018,0.0001,100.0,518.67,642.54,1594.24,1416.76,14.62,21.61,553.02,2388.19,9036.88,1.3,47.64,520.61,2388.2,8115.82,8.4533,0.03,395,2388,100.0,38.84,23.1718,-0.0014799999999999,0.0013292855223765,-0.00016,0.0003577708763999,100.0,0.0,518.67,0.0,642.864,0.2182429838464443,1593.502,2.4524620282474183,1414.922,3.454536148313358,14.62,0.0,21.61,0.0,552.6120000000001,0.5503362608435143,2388.188,0.0083666002572312,9036.64,4.985012537599618,1.3,0.0,47.772000000000006,0.1047377677822606,520.762,0.0928439551159936,2388.194,0.0207364413757362,8115.564,1.5657841485907211,8.46748,0.0296740121992421,0.03,0.0,394.4,0.8944271909998527,2388.0,0.0,100.0,0.0,38.708000000000006,0.1283354978172238,23.22376,0.0713261032161127,49.72857142857143
42,156,-0.0004,-0.0,100.0,518.67,643.31,1599.55,1425.12,14.62,21.61,550.94,2388.27,9026.89,1.3,47.89,520.54,2388.27,8118.45,8.4792,0.03,395,2388,100.0,38.51,23.094,4.119968255444917e-19,0.0006442049363362,2.000000000000004e-05,0.0002280350850198,100.0,0.0,518.67,0.0,643.384,0.4065464303129188,1595.974,3.584345128473187,1420.946,6.818396439045299,14.62,0.0,21.61,0.0,551.772,0.4668725736187533,2388.264,0.0219089023233784,9035.74,5.930345689773026,1.3,0.0,47.906,0.0808084154033273,520.226,0.3706480810652311,2388.244,0.0288097205928441,8114.1,3.7016955574330894,8.476040000000001,0.0073802438984591,0.03,0.0,395.2,0.8366600265340411,2388.0,0.0,100.0,0.0,38.538,0.0363318042488967,23.1545,0.0543208063267919,19.32857142857143
43,172,-0.003,0.0003,100.0,518.67,642.77,1594.19,1418.4,14.62,21.61,552.25,2388.13,9052.93,1.3,47.6,520.86,2388.16,8135.46,8.4456,0.03,394,2388,100.0,38.63,23.2379,0.0016199999999999,0.0028604195496465,-0.0001,0.0003316624790355,100.0,0.0,518.67,0.0,643.038,0.4097194161871189,1591.8,2.2767850140071078,1412.628,4.830726653414738,14.62,0.0,21.61,0.0,553.0020000000001,0.6267934268966654,2388.1240000000003,0.0230217288615476,9055.994,2.3937063312356988,1.3,0.0,47.678,0.0993478736561247,521.2360000000001,0.2590945773260691,2388.13,0.027386127878343,8134.295999999999,1.896689220716752,8.44692,0.0150022331670913,0.03,0.0,394.4,0.5477225575052868,2388.0,0.0,100.0,0.0,38.78,0.1354621718415191,23.26068,0.0736202893229922,74.21428571428571
44,54,0.0001,0.0002,100.0,518.67,642.49,1582.3,1415.29,14.62,21.61,552.97,2388.13,9057.77,1.3,47.52,521.73,2388.1,8131.44,8.4391,0.03,392,2388,100.0,38.85,23.3058,-0.0005199999999999,0.0023285188425262,4e-05,0.0003130495168499,100.0,0.0,518.67,0.0,642.434,0.1553383404058022,1587.5679999999998,5.156119665019343,1407.95,5.115818605072209,14.62,0.0,21.61,0.0,553.6980000000001,0.5168849001471078,2388.102,0.0268328157299052,9056.21,3.923461481896881,1.3,0.0,47.42999999999999,0.1208304597359492,521.792,0.2413917977066734,2388.0800000000004,0.0200000000007221,8135.245999999999,2.5554608194971635,8.43404,0.033273983831217,0.03,0.0,393.0,0.9999999999999892,2388.0,0.0,100.0,0.0,38.836,0.0773304597166917,23.33854,0.0270057031013719,134.78571428571428
45,152,0.0044,0.0002,100.0,518.67,642.75,1598.59,1410.33,14.62,21.61,553.2,2388.15,9067.31,1.3,47.57,520.76,2388.15,8140.56,8.4695,0.03,394,2388,100.0,38.58,23.312,0.0002199999999999,0.0027049953789239,-0.00018,0.0003271085446759,100.0,0.0,518.67,0.0,642.8860000000001,0.1614930339041748,1594.946,3.1879585944625206,1412.668,2.9668029931177897,14.62,0.0,21.61,0.0,552.99,0.6700746227104379,2388.108,0.0303315017754349,9061.566,4.76543072554391,1.3,0.0,47.62,0.1000000000000111,521.0799999999999,0.432839462156235,2388.132,0.03492849839111,8139.332,2.953569027472532,8.46888,0.0180318329628344,0.03,0.0,394.2,0.447213595499977,2388.0,0.0,100.0,0.0,38.694,0.1684636459299259,23.26008,0.0491893992644932,71.92857142857143
46,146,-0.0005,-0.0003,100.0,518.67,642.79,1594.28,1413.17,14.62,21.61,552.73,2388.12,9080.61,1.3,47.74,520.97,2388.11,8153.86,8.4628,0.03,393,2388,100.0,38.61,23.1876,-0.0014199999999999,0.0018102486017119,-9.999999999999996e-05,0.0003391164991562,100.0,0.0,518.67,0.0,643.21,0.3078148794303348,1593.214,2.958923790842068,1412.22,1.9871084519997344,14.62,0.0,21.61,0.0,552.836,0.1318332279811024,2388.1040000000003,0.0357770876382664,9083.828,2.451972675222612,1.3,0.0,47.684000000000005,0.0817312669668315,520.988,0.3117210291252792,2388.106,0.0336154726319704,8156.701999999999,2.6298136816141104,8.466460000000001,0.0126246980161633,0.03,0.0,394.0,0.7071067811866204,2388.0,0.0,100.0,0.0,38.642,0.0719027120490644,23.2394,0.03219604012923,46.47142857142857
47,73,0.0019,-0.0003,100.0,518.67,642.73,1587.09,1402.79,14.62,21.61,553.05,2388.16,9038.32,1.3,47.44,521.29,2388.14,8125.57,8.4586,0.03,392,2388,100.0,38.79,23.2595,-0.0001399999999999,0.0034904154480519,-0.00022,0.0001923538406167,100.0,0.0,518.67,0.0,642.642,0.3118813877104158,1589.106,1.8607605971754488,1410.554,5.441716640913817,14.62,0.0,21.61,0.0,553.194,0.4673649537568521,2388.1539999999995,0.0134164078655698,9040.143999999998,3.650675279997074,1.3,0.0,47.518,0.1175584960774561,520.976,0.2307162759760169,2388.15,0.062048368229541,8123.364,3.5067477810672325,8.444579999999998,0.0152322683799876,0.03,0.0,392.8,0.8366600265340688,2388.0,0.0,100.0,0.0,38.776,0.0820365772079531,23.27794,0.0318462399664339,120.84285714285714
48,78,0.0022,-0.0003,100.0,518.67,642.77,1591.34,1402.73,14.62,21.61,553.83,2388.1,9054.14,1.3,47.7,522.03,2388.15,8137.24,8.4515,0.03,393,2388,100.0,38.8,23.3238,0.00058,0.0021347130954767,-0.0001,0.0003741657386773,100.0,0.0,518.67,0.0,642.5319999999999,0.2723416971378106,1591.118,0.5693592890281268,1405.64,3.454728643468222,14.62,0.0,21.61,0.0,553.672,0.3790382566444424,2388.082,0.0130384048088544,9058.638,3.650749238168148,1.3,0.0,47.55,0.1274754878398216,521.676,0.2615912842589373,2388.108,0.0408656334837381,8136.248,1.8297732099896116,8.431000000000001,0.0129056189313085,0.03,0.0,392.8,0.83666002653409,2388.0,0.0,100.0,0.0,38.87,0.0803118920210673,23.30938,0.072197278342056,136.64285714285714
49,303,-0.0055,0.0001,100.0,518.67,643.21,1607.55,1425.3,14.62,21.61,552.0,2388.21,9052.48,1.3,48.01,520.27,2388.22,8132.46,8.5168,0.03,396,2388,100.0,38.56,23.1167,-0.00172,0.0023636835659622,6.000000000000014e-05,0.0002880972058177,100.0,0.0,518.67,0.0,643.3620000000001,0.3042531840483237,1598.836,5.998752370282196,1422.364,4.372451257585165,14.62,0.0,21.61,0.0,552.134,0.503368652183703,2388.224,0.0328633534346704,9052.686,4.2976889138170495,1.3,0.0,47.92,0.0591607978308214,520.5440000000001,0.2020643461997583,2388.2159999999994,0.0151657508315429,8128.836,3.2483888313995357,8.49558,0.0169734203977793,0.03,0.0,395.6,0.5477225575052511,2388.0,0.0,100.0,0.0,38.642,0.0995991967839851,23.11916,0.0821821635150735,22.928571428571427
50,74,0.0,0.0004,100.0,518.67,642.66,1582.59,1397.65,14.62,21.61,553.18,2388.05,9066.84,1.3,47.5,521.91,2388.06,8142.07,8.4719,0.03,393,2388,100.0,38.98,23.291,0.00048,0.0016483324907311,8.000000000000002e-05,0.0003420526275297,100.0,0.0,518.67,0.0,642.482,0.1565886330487122,1584.936,4.50898880016384,1403.278,3.721064363861884,14.62,0.0,21.61,0.0,553.9599999999999,0.4500555521261549,2388.042,0.0083666002668482,9063.844,4.263874998169343,1.3,0.0,47.502,0.1425482374496372,522.108,0.3134007019773988,2388.068,0.02167948338868,8143.272,2.707521006383171,8.44556,0.0161685806427245,0.03,0.0,392.6,1.140175425099129,2388.0,0.0,100.0,0.0,38.912,0.0589067059000968,23.28742,0.0575878198927652,139.42857142857142
51,144,0.0003,0.0004,100.0,518.67,642.56,1585.08,1406.6,14.62,21.61,553.58,2388.1,9053.37,1.3,47.5,521.25,2388.12,8127.61,8.4577,0.03,394,2388,100.0,38.77,23.3108,-0.0005199999999999,0.0013935566009315,9.999999999999998e-05,0.0003240370349203,100.0,0.0,518.67,0.0,642.646,0.3521079379974842,1590.482,5.241027571001808,1403.716,2.27759302773374,14.62,0.0,21.61,0.0,553.376,0.2625452341979504,2388.118,0.0164316767284258,9056.836,4.9801234924501685,1.3,0.0,47.494,0.071274118724831,521.366,0.3277651598321463,2388.098,0.0238746727758731,8131.122,2.126774553168397,8.4583,0.0045787552894087,0.03,0.0,392.6,0.8944271909999203,2388.0,0.0,100.0,0.0,38.86,0.187216452268484,23.29518,0.0706871416878481,138.15714285714284
52,189,0.0028,-0.0002,100.0,518.67,643.15,1600.96,1412.05,14.62,21.61,553.19,2388.11,9122.6,1.3,47.55,521.27,2388.07,8192.02,8.4645,0.03,395,2388,100.0,38.66,23.211,-0.00024,0.0026857028875138,-0.0002,0.0002738612787525,100.0,0.0,518.67,0.0,642.706,0.2933087110843889,1594.13,3.925181524461323,1410.122,2.197730647741742,14.62,0.0,21.61,0.0,553.388,0.1595932329355857,2388.1,0.0158113883249955,9111.554,6.592801377350709,1.3,0.0,47.604,0.1023718711363424,521.386,0.2769115382228667,2388.058,0.0277488738493171,8189.138000000001,4.199579740933308,8.44614,0.0127656962207741,0.03,0.0,394.0,0.9999999999999644,2388.0,0.0,100.0,0.0,38.774,0.1057355191030568,23.25596,0.0534407428840351,35.91428571428571
53,164,-0.0021,-0.0004,100.0,518.67,642.87,1602.76,1418.18,14.62,21.61,553.09,2388.08,9102.33,1.3,47.75,520.98,2388.05,8180.97,8.4702,0.03,394,2388,100.0,38.64,23.1671,-0.0012999999999999,0.0008602325267042,-9.999999999999998e-05,0.0002828427124746,100.0,0.0,518.67,0.0,642.8399999999999,0.2250555487010863,1592.36,6.02978026133596,1411.304,5.714151730573986,14.62,0.0,21.61,0.0,552.984,0.4038316480904765,2388.072,0.0164316767212119,9106.894,2.935477814588346,1.3,0.0,47.708,0.098336158151613,520.922,0.26985181118377,2388.0780000000004,0.0228035084991294,8178.882,2.77796148281554,8.46054,0.0152139081106689,0.03,0.0,393.8,1.3038404810404844,2388.0,0.0,100.0,0.0,38.696,0.0884872872227256,23.23828,0.0708064050774898,38.92857142857143
54,121,-0.0019,0.0,100.0,518.67,642.43,1580.89,1399.84,14.62,21.61,555.07,2388.05,9064.43,1.3,47.34,522.28,2387.97,8143.64,8.3926,0.03,392,2388,100.0,38.95,23.4385,-0.0007999999999999,0.0022360679774997,-5.9999999999999954e-05,8.944271909999139e-05,100.0,0.0,518.67,0.0,642.424,0.3110144691166289,1585.128,6.18562607987256,1402.3719999999998,2.0716587556821966,14.62,0.0,21.608,0.004472135954999,554.288,0.4738354144632722,2388.018,0.0349284983947822,9062.616,2.435606700590552,1.3,0.0,47.276,0.0606630035523591,522.1619999999999,0.1917550520845072,2387.992,0.0216794833937404,8145.636,1.8433746227982888,8.419279999999999,0.0178195678959887,0.03,0.0,392.2,1.483239697419149,2388.0,0.0,100.0,0.0,39.044,0.0991463564635625,23.4431,0.0236972572252472,143.25714285714287
55,113,-0.0059,0.0002,100.0,518.67,642.2,1585.68,1399.63,14.62,21.61,553.37,2388.09,9056.16,1.3,47.5,521.92,2388.04,8135.62,8.4276,0.03,393,2388,100.0,38.93,23.3438,-0.0016999999999999,0.0027413500323745,0.0001,0.0002236067977499,100.0,0.0,518.67,0.0,642.448,0.2788727308290742,1587.764,4.253149421311603,1404.776,5.674440941626217,14.62,0.0,21.61,0.0,553.8,0.2656124997069103,2388.068,0.0248997991971609,9058.526000000002,4.0362581681648,1.3,0.0,47.398,0.1229634091915662,522.138,0.3740588189040784,2388.078,0.0258843582151353,8140.288,2.7452631932105467,8.42574,0.0241685332612483,0.03,0.0,392.8,0.4472135955000008,2388.0,0.0,100.0,0.0,38.996,0.0527257053059282,23.34284,0.0809358573192459,146.7
56,136,-0.0028,-0.0005,100.0,518.67,643.32,1598.6,1416.85,14.62,21.61,551.45,2388.23,9035.55,1.3,48.02,520.0,2388.23,8116.7,8.5235,0.03,395,2388,100.0,38.51,23.1772,-2.0000000000000225e-05,0.0023605084198112,-2.0000000000000032e-05,0.000408656334834,100.0,0.0,518.67,0.0,643.442,0.3901538158201272,1594.816,3.9479399691492927,1423.406,4.739122281605878,14.62,0.0,21.61,0.0,552.0519999999999,0.3482384240698768,2388.262,0.0204939015337783,9044.96,6.704203905011985,1.3,0.0,47.962,0.0501996015924985,520.0379999999999,0.1897893569116652,2388.246,0.042778499276646,8118.13,3.9893796510301063,8.50596,0.0156169139076856,0.03,0.0,395.0,0.0,2388.0,0.0,100.0,0.0,38.524,0.0487852436707771,23.06972,0.076391962927963,11.728571428571428
57,160,0.0035,-0.0001,100.0,518.67,642.17,1590.38,1411.95,14.62,21.61,552.43,2388.11,9043.8,1.3,47.59,521.61,2388.19,8131.76,8.4603,0.03,394,2388,100.0,38.77,23.291,-0.0003599999999999,0.0030582674833964,0.00012,0.0002588435821108,100.0,0.0,518.67,0.0,642.6479999999999,0.3886129179531108,1588.9540000000002,1.9885874383603463,1412.772,2.439338024954431,14.62,0.0,21.61,0.0,553.068,0.4496331838286347,2388.12,0.038078865529055,9048.468,6.7165370541643,1.3,0.0,47.542,0.1227599283153939,521.2,0.3421987726462236,2388.144,0.0288097205874626,8130.798,1.0990996315164796,8.452580000000001,0.0492698386439512,0.03,0.0,394.2,0.8366600265341112,2388.0,0.0,100.0,0.0,38.794,0.0960728889958687,23.21798,0.0557305750912136,102.98571428571428
58,176,0.0,0.0005,100.0,518.67,643.01,1596.72,1418.42,14.62,21.61,553.07,2388.24,9058.12,1.3,47.78,521.2,2388.2,8128.82,8.497,0.03,392,2388,100.0,38.46,23.1747,0.0006599999999999,0.0008706319543871,0.00032,0.0001788854381999,100.0,0.0,518.67,0.0,642.9979999999999,0.3070342000490162,1593.168,2.3006672944980857,1417.984,3.1479405966355385,14.62,0.0,21.61,0.0,552.7539999999999,0.4989288526438597,2388.176,0.0477493455472501,9056.024,5.243322419992307,1.3,0.0,47.762,0.081055536516871,521.0219999999999,0.1666433316983713,2388.1760000000004,0.0230217288741315,8132.568000000001,3.804907357617645,8.47186,0.0282891852127442,0.03,0.0,393.6,1.1401754250991805,2388.0,0.0,100.0,0.0,38.698,0.1470374102057644,23.2419,0.0828755693796639,47.042857142857144
59,94,-0.0007,-0.0004,100.0,518.67,642.18,1584.24,1401.21,14.62,21.61,553.72,2388.0,9055.0,1.3,47.08,521.78,2388.05,8140.39,8.4267,0.03,390,2388,100.0,38.92,23.4337,0.0021,0.0026767517628648,4.000000000000002e-05,0.000328633534503,100.0,0.0,518.67,0.0,642.198,0.276622486431929,1585.448,2.4080220098644056,1400.494,4.3482559722270615,14.62,0.0,21.61,0.0,554.05,0.3867815921161717,2388.036,0.0357770876406398,9056.906,3.132559656266414,1.3,0.0,47.238,0.1287245120402446,521.948,0.1614620698489605,2388.054,0.0089442719187073,8139.924000000001,2.492113560819412,8.42686,0.010426073086242,0.03,0.0,391.6,0.8944271909999302,2388.0,0.0,100.0,0.0,38.954,0.044497190922603,23.42486,0.0703269720662045,155.0
60,147,-0.0003,-0.0003,100.0,518.67,642.86,1592.46,1402.77,14.62,21.61,553.31,2388.12,9054.22,1.3,47.53,521.66,2388.07,8136.13,8.4484,0.03,394,2388,100.0,38.87,23.2971,-0.00034,0.0019982492337043,-6.000000000000003e-05,0.0002792848008753,100.0,0.0,518.67,0.0,642.646,0.1771440092133986,1590.306,3.1152094632616776,1409.598,5.279992424237477,14.62,0.0,21.61,0.0,553.1499999999999,0.6371028174479287,2388.1140000000005,0.0250998008013203,9055.728,3.9161166989799727,1.3,0.0,47.53000000000001,0.0851469318296375,521.186,0.375539611760016,2388.106,0.0409878030666732,8135.158,4.992005608976696,8.4225,0.0195610582535762,0.03,0.0,393.6,0.5477225575052154,2388.0,0.0,100.0,0.0,38.82000000000001,0.0556776436282668,23.3148,0.0562440219045356,121.01428571428572
61,159,0.0032,0.0002,100.0,518.67,643.29,1603.16,1414.17,14.62,21.61,552.74,2388.16,9065.79,1.3,47.81,520.97,2388.17,8147.51,8.4725,0.03,395,2388,100.0,38.64,23.1314,-0.0009999999999999,0.0034154062715876,8.000000000000002e-05,0.0003114482300479,100.0,0.0,518.67,0.0,642.954,0.3506137475906571,1597.124,5.219935823359086,1418.726,4.342191842838874,14.62,0.0,21.61,0.0,552.51,0.2218107301276732,2388.144,0.0391152144275089,9067.164,1.5098940360215185,1.3,0.0,47.754,0.0832466215530374,520.712,0.4749947368107732,2388.182,0.0178885438375416,8145.096,2.101720723610814,8.48056,0.0060591253495396,0.03,0.0,394.4,0.5477225575052511,2388.0,0.0,100.0,0.0,38.636,0.0856154191719499,23.22566,0.0704476614231637,50.42857142857143
62,232,-0.0029,-0.0005,100.0,518.67,642.83,1594.78,1407.86,14.62,21.61,553.81,2388.03,9096.2,1.3,47.52,521.2,2388.06,8162.08,8.4622,0.03,394,2388,100.0,38.75,23.2719,-0.0020999999999999,0.0010074720839805,-0.0003399999999999,0.0001341640786499,100.0,0.0,518.67,0.0,642.676,0.2159398064299745,1595.5220000000002,2.615065964749252,1411.508,3.203680695698627,14.62,0.0,21.61,0.0,553.458,0.3823218539420036,2388.066,0.0531977443124575,9092.784,3.7275903747143233,1.3,0.0,47.534000000000006,0.0947628619238641,521.392,0.2320991167577929,2388.0600000000004,0.0158113883148142,8166.988,5.038201067852204,8.45048,0.0137627032228564,0.03,0.0,394.0,1.2247448713915732,2388.0,0.0,100.0,0.0,38.72,0.079686887252656,23.23426,0.0564100434321057,51.72857142857143
63,155,-0.0019,-0.0003,100.0,518.67,643.26,1592.19,1412.74,14.62,21.61,552.8,2388.19,9052.57,1.3,47.79,521.17,2388.17,8131.3,8.4704,0.03,393,2388,100.0,38.8,23.2344,-0.0003,0.0022505554869853,-6.000000000000001e-05,0.0002302172886644,100.0,0.0,518.67,0.0,642.8100000000001,0.3192961008225948,1592.194,2.1335955568006484,1410.436,2.045734586890394,14.62,0.0,21.61,0.0,552.4780000000001,0.2802142037802447,2388.158,0.0216794833936867,9051.82,2.1721648187908094,1.3,0.0,47.682,0.0936482781475304,521.214,0.2127909772535511,2388.1600000000003,0.0200000000085722,8128.572,4.344625415382128,8.47206,0.0338246655563464,0.03,0.0,393.6,0.5477225575051083,2388.0,0.0,100.0,0.0,38.694,0.0826438140456023,23.2534,0.0213610627076328,76.0
64,168,0.0012,0.0004,100.0,518.67,643.01,1597.94,1417.14,14.62,21.61,552.05,2388.22,9056.25,1.3,47.73,520.97,2388.13,8133.0,8.4665,0.03,394,2388,100.0,38.61,23.167,-0.0010599999999999,0.0028745434420095,1.9999999999999958e-05,0.0003563705936241,100.0,0.0,518.67,0.0,643.2059999999999,0.2394368392720555,1596.536,4.33532928392029,1418.196,2.716464614160476,14.62,0.0,21.61,0.0,552.4040000000001,0.3363480340311066,2388.1940000000004,0.0240831891569277,9054.616,2.816039772471264,1.3,0.0,47.764,0.0864869932416441,520.6179999999999,0.3169700301316584,2388.178,0.0443846820345078,8136.058,3.206052089409031,8.4758,0.0287568252768016,0.03,0.0,394.0,0.7071067811865751,2388.0,0.0,100.0,0.0,38.63,0.072456883730981,23.15574,0.0389159735842264,37.114285714285714
65,71,0.0012,0.0,100.0,518.67,641.75,1588.1,1398.17,14.62,21.6,554.39,2388.03,9063.17,1.3,47.1,522.65,2388.03,8153.06,8.424,0.03,392,2388,100.0,39.19,23.327,0.0004199999999999,0.0019613770672667,0.0001,0.0002236067977499,100.0,0.0,518.67,0.0,641.888,0.3367788591936112,1586.008,2.426225463553972,1400.672,3.206862953105868,14.62,0.0,21.608,0.0044721359549988,554.52,0.2451530134429464,2387.998,0.0311448230056076,9065.268,3.4098269750823227,1.3,0.0,47.182,0.1366382084191752,522.282,0.255284155402814,2388.01,0.0524404424092257,8150.338000000001,4.360839368744906,8.41732,0.0259288835085528,0.03,0.0,391.4,0.8944271909999282,2388.0,0.0,100.0,0.0,39.018,0.1118928058455973,23.39488,0.0800746339361056,190.68571428571428
66,147,-0.0014,-0.0003,100.0,518.67,643.34,1599.38,1422.98,14.62,21.61,552.06,2388.09,9122.3,1.3,47.92,520.75,2388.11,8197.69,8.4838,0.03,396,2388,100.0,38.61,23.0669,0.00034,0.0013885243966167,-2.000000000000004e-05,0.0003114482300479,100.0,0.0,518.67,0.0,643.434,0.2869320477062065,1597.568,3.990610229025032,1420.956,4.35907444303607,14.62,0.0,21.61,0.0,552.1740000000001,0.4883953316712333,2388.114,0.0450555213027425,9123.116,4.07807920473811,1.3,0.0,47.886,0.1085357084098215,520.696,0.2645373319587534,2388.106,0.0114017542558435,8192.294,4.142309742190342,8.48484,0.0182022800769392,0.03,0.0,395.2,0.8366600265340772,2388.0,0.0,100.0,0.0,38.612,0.0496990945592496,23.16328,0.0656568503661564,16.957142857142856
67,71,0.0012,0.0001,100.0,518.67,642.39,1593.86,1409.97,14.62,21.61,554.52,2388.12,9046.26,1.3,47.27,521.75,2388.11,8141.98,8.3732,0.03,392,2388,100.0,38.78,23.2914,0.00194,0.0021161285405192,3.999999999999994e-05,0.0002966479394838,100.0,0.0,518.67,0.0,642.4159999999999,0.1662227421263904,1587.64,4.469921699537856,1403.5099999999998,4.75426124650223,14.62,0.0,21.61,0.0,554.1220000000001,0.3656774535028056,2388.0620000000004,0.0396232255137214,9056.652,5.987309078370994,1.3,0.0,47.296,0.118659175793533,521.83,0.3014133374627131,2388.0520000000006,0.0491934955047041,8136.795999999999,5.209331051103332,8.409980000000001,0.0378780543322905,0.03,0.0,392.0,0.7071067811865199,2388.0,0.0,100.0,0.0,38.892,0.1112205017072058,23.32384,0.0257740761230883,176.35714285714286
68,187,-0.0015,-0.0004,100.0,518.67,643.21,1602.07,1427.25,14.62,21.61,552.0,2388.2,9086.59,1.3,48.04,520.47,2388.22,8160.32,8.4867,0.03,396,2388,100.0,38.63,23.1989,-0.00186,0.001092245393673,-0.00018,0.0002489979919597,100.0,0.0,518.67,0.0,643.588,0.313799298914112,1600.774,5.259441985616401,1422.718,3.205958515011197,14.62,0.0,21.61,0.0,551.7180000000001,0.335141761044347,2388.208,0.0383405790221399,9086.045999999998,4.98340044543445,1.3,0.0,47.98,0.1137980667673199,520.124,0.2683840531763354,2388.196,0.0304959013435501,8158.082,3.274083077758836,8.50188,0.0229310270158003,0.03,0.0,396.2,0.8366600265341558,2388.0,0.0,100.0,0.0,38.562,0.1231665539017465,23.16446,0.0767353438775329,12.514285714285714
69,54,-0.0029,-0.0003,100.0,518.67,642.31,1593.68,1403.96,14.62,21.61,553.66,2388.12,9048.62,1.3,47.37,521.84,2388.16,8128.39,8.4387,0.03,393,2388,100.0,38.95,23.1958,-0.0009799999999999,0.001340522286275,-2.000000000000001e-05,0.0003563705936241,100.0,0.0,518.67,0.0,642.2379999999999,0.471667255594671,1589.504,4.475927836772353,1402.386,2.727376028345456,14.62,0.0,21.61,0.0,553.442,0.3206555784639441,2388.11,0.0282842712480571,9045.748,2.4682929323753218,1.3,0.0,47.446000000000005,0.0896102672689003,521.7940000000001,0.166072273423523,2388.112,0.0370135110466241,8130.147999999999,5.032208262779764,8.42754,0.016539891172558,0.03,0.0,392.2,0.447213595499973,2388.0,0.0,100.0,0.0,38.904,0.1260158720161941,23.26468,0.0481022036917374,133.1
70,152,0.002,-0.0001,100.0,518.67,642.71,1588.56,1406.49,14.62,21.61,553.01,2388.1,9054.84,1.3,47.67,521.65,2388.11,8133.88,8.4349,0.03,394,2388,100.0,38.85,23.2231,-0.00156,0.003263127334322,7.999999999999993e-05,0.0002588435821108,100.0,0.0,518.67,0.0,642.894,0.4083258502719277,1589.53,2.2523321247084565,1407.922,2.393505796940953,14.62,0.0,21.61,0.0,553.368,0.2765320957863444,2388.0999999999995,0.024494897429382,9055.726,3.634230317384061,1.3,0.0,47.584,0.0638748776907899,521.45,0.5338070812568201,2388.13,0.029154759477352,8135.102000000001,4.466712437580393,8.447819999999998,0.0117569979161381,0.03,0.0,392.8,0.8366600265340667,2388.0,0.0,100.0,0.0,38.806,0.0730068489936664,23.27366,0.0506274925312288,123.4
71,68,0.0021,0.0003,100.0,518.67,642.52,1585.45,1400.97,14.62,21.61,553.17,2388.01,9068.53,1.3,47.35,522.42,2388.08,8146.19,8.4386,0.03,391,2388,100.0,38.93,23.3188,-0.0008399999999999,0.0026254523419784,-4.336808689942018e-20,0.0001999999999999,100.0,0.0,518.67,0.0,642.374,0.2494594155370501,1585.532,4.847707705710036,1400.66,1.9755632108347008,14.62,0.0,21.608,0.0044721359549988,553.9639999999999,0.7036192152009393,2388.048,0.0356370593619486,9068.298,3.972633886981478,1.3,0.0,47.328,0.0630079360080539,522.2719999999999,0.2855170747959156,2388.052,0.0311448230033028,8147.274,3.2459867529006874,8.41724,0.0127825271366903,0.03,0.0,392.0,1.0000000000000355,2388.0,0.0,100.0,0.0,38.882,0.0892748564826815,23.363,0.0584692654306768,129.62857142857143
72,131,0.0002,-0.0004,100.0,518.67,642.9,1588.49,1410.57,14.62,21.61,553.52,2388.11,9072.03,1.3,47.69,521.47,2388.09,8149.27,8.445,0.03,394,2388,100.0,38.91,23.2905,0.00014,0.0008443932733033,5.421010862427522e-20,0.000418330013267,100.0,0.0,518.67,0.0,642.6699999999998,0.4034848200375948,1587.744,3.94242057624343,1409.154,5.096810767530507,14.62,0.0,21.61,0.0,553.274,0.4353504335599324,2388.086,0.0336154726318782,9068.26,3.1159508981903263,1.3,0.0,47.6,0.0561248608013791,521.408,0.2914961406269914,2388.092,0.0389871773831739,8147.994000000001,1.9484173064310053,8.43378,0.0148015877526692,0.03,0.0,393.2,1.3038404810405404,2388.0,0.0,100.0,0.0,38.856,0.1432829368766923,23.32438,0.0412828899182703,73.18571428571428
73,112,0.0056,0.0002,100.0,518.67,642.27,1576.93,1398.62,14.62,21.61,554.41,2388.08,9051.39,1.3,47.25,522.02,2388.05,8136.87,8.4317,0.03,393,2388,100.0,38.95,23.3074,0.00046,0.0046538156388065,0.00014,0.0001673320053068,100.0,0.0,518.67,0.0,642.356,0.323465608682128,1583.904,4.7300613103845945,1402.608,4.647727401646768,14.62,0.0,21.61,0.0,554.1299999999999,0.2108316864236108,2388.054,0.0167332005304149,9058.378,4.242684291821204,1.3,0.0,47.356,0.1295376393176935,521.932,0.2407695994100412,2388.074,0.0181659021251666,8137.523999999999,2.021912461016504,8.4208,0.0137018246960091,0.03,0.0,392.6,1.140175425099118,2388.0,0.0,100.0,0.0,38.882000000000005,0.0576194411635876,23.34104,0.0765049867655629,167.9857142857143
74,137,0.0017,-0.0004,100.0,518.67,642.61,1595.16,1406.15,14.62,21.61,552.44,2388.1,9063.35,1.3,47.54,521.39,2388.07,8139.59,8.4362,0.03,392,2388,100.0,38.79,23.201,-0.0009199999999999,0.0031948395890873,-8.000000000000009e-05,0.0002387467277262,100.0,0.0,518.67,0.0,642.7560000000001,0.2123205124331303,1592.0759999999998,3.462062968809848,1407.89,4.789911272665018,14.62,0.0,21.61,0.0,553.4999999999999,0.6697760819853223,2388.086,0.023021728865369,9058.22,3.376618130606552,1.3,0.0,47.514,0.0665582451692048,521.316,0.3059084830467944,2388.1040000000003,0.0415932686904295,8140.974,3.848945310081489,8.45384,0.0164478874023303,0.03,0.0,392.6,0.5477225575052835,2388.0,0.0,100.0,0.0,38.8,0.0458257569496013,23.25902,0.0484846058042731,124.97142857142858
75,88,0.0036,0.0001,100.0,518.67,642.13,1594.47,1403.3,14.62,21.61,554.11,2388.12,9051.28,1.3,47.4,521.52,2388.1,8132.14,8.4316,0.03,392,2388,100.0,38.98,23.4919,0.00018,0.0030499180316854,-0.00016,0.000328633534503,100.0,0.0,518.67,0.0,642.1899999999999,0.3563705936243669,1588.1219999999998,3.7766612238848474,1404.624,5.529650079344053,14.62,0.0,21.61,0.0,553.478,0.5451330112919494,2388.082,0.0277488738533578,9055.388,3.935723567536086,1.3,0.0,47.462,0.1608415369237973,521.8399999999999,0.4205948168968246,2388.074,0.0194935886910538,8138.07,3.9204974174219775,8.42756,0.0211547394217027,0.03,0.0,392.6,1.140175425099129,2388.0,0.0,100.0,0.0,38.892,0.0554075807087434,23.36084,0.0810631112158869,160.14285714285714
76,205,0.0004,0.0002,100.0,518.67,643.14,1603.48,1420.07,14.62,21.61,551.82,2388.18,9114.99,1.3,48.04,520.19,2388.14,8182.45,8.5125,0.03,395,2388,100.0,38.46,23.0737,0.00074,0.0035217893179462,7.999999999999991e-05,0.000294957624075,100.0,0.0,518.67,0.0,643.4620000000001,0.4071486215146663,1601.178,2.019868807617037,1424.952,5.118155917905808,14.62,0.0,21.61,0.0,552.134,0.3426806093086937,2388.15,0.0244948974586111,9108.978,3.550594316556969,1.3,0.0,47.994,0.1031018913505006,520.17,0.3056959273512913,2388.156,0.030495901379049,8180.954,2.597196565615432,8.50778,0.0207889874693155,0.03,0.0,396.0,0.7071067811865325,2388.0,0.0,100.0,0.0,38.494,0.1393915348938436,23.09144,0.0204306877023036,12.585714285714285
77,162,-0.0027,0.0003,100.0,518.67,642.79,1593.81,1418.62,14.62,21.61,552.24,2388.25,9045.43,1.3,47.81,520.16,2388.21,8128.16,8.4543,0.03,396,2388,100.0,38.75,23.1712,-0.00046,0.0027808272150567,0.0003,7.071067811865433e-05,100.0,0.0,518.67,0.0,642.8619999999999,0.3750599952002043,1593.232,5.264225489092523,1415.132,3.805794266639293,14.62,0.0,21.61,0.0,552.398,0.3574492970997511,2388.194,0.0364691650508574,9044.556,3.6438207969258896,1.3,0.0,47.748000000000005,0.1231665539015497,520.626,0.3594857438070203,2388.194,0.0230217288602637,8126.910000000001,1.730837947345829,8.45726,0.0154312345585219,0.03,0.0,394.8,0.8366600265340624,2388.0,0.0,100.0,0.0,38.74399999999999,0.0512835256198334,23.19916,0.0725677132063367,37.42857142857143
78,72,-0.0034,0.0003,100.0,518.67,641.78,1580.66,1389.33,14.62,21.61,554.93,2387.99,9062.94,1.3,47.2,522.51,2387.96,8148.46,8.3793,0.03,391,2388,100.0,39.0,23.2748,-0.0015199999999999,0.0032244379355168,0.00028,0.0002774887385102,100.0,0.0,518.67,0.0,642.1,0.2405202694162472,1583.736,4.181845286473715,1395.2,6.479733790828492,14.62,0.0,21.608,0.0044721359549977,554.866,0.1916507239741802,2387.986,0.0270185121724131,9064.284,4.574393948930684,1.3,0.0,47.104,0.1238143771942555,522.4460000000001,0.0904433524377933,2387.99,0.0291547594754692,8150.136,2.3051095418648204,8.399840000000001,0.016719838515981,0.03,0.0,390.8,0.8366600265340327,2388.0,0.0,100.0,0.0,39.074,0.0622896460095598,23.41156,0.0781944243536609,231.45714285714286
79,101,-0.0031,-0.0001,100.0,518.67,642.43,1590.94,1405.39,14.62,21.61,553.4,2388.15,9040.39,1.3,47.66,521.55,2388.14,8125.55,8.4516,0.03,393,2388,100.0,38.72,23.287,-0.00126,0.001439791651594,-0.00014,0.0002607680962081,100.0,0.0,518.67,0.0,642.546,0.201320639776354,1587.9720000000002,4.215977941118679,1406.23,3.5694747512775318,14.62,0.0,21.61,0.0,553.682,0.3359613072961242,2388.1,0.0418330013272683,9043.984,3.614910787294524,1.3,0.0,47.474,0.1094531863402152,521.508,0.1300769003319419,2388.096,0.0320936130691101,8125.7,2.596719083764296,8.440940000000001,0.0172888114108651,0.03,0.0,392.6,0.8944271909999599,2388.0,0.0,100.0,0.0,38.866,0.1059716943338471,23.32022,0.0416412295687623,151.71428571428572
80,133,-0.0029,0.0001,100.0,518.67,642.64,1591.41,1407.15,14.62,21.61,552.63,2388.11,9069.7,1.3,47.57,521.05,2388.02,8142.89,8.4671,0.03,393,2388,100.0,38.69,23.2813,0.00088,0.0032805487345869,8.131516293641283e-20,0.0003,100.0,0.0,518.67,0.0,642.692,0.2339230642760805,1590.62,4.295113502575741,1408.376,1.8369893848368983,14.62,0.0,21.61,0.0,553.2639999999999,0.4587264980365261,2388.11,0.015811388295436,9067.13,4.912753810228465,1.3,0.0,47.516000000000005,0.1460479373357018,521.3120000000001,0.3692830892413659,2388.078,0.0370135110451905,8143.433999999999,3.441660936233316,8.44526,0.0126007142654904,0.03,0.0,392.8,0.4472135954997863,2388.0,0.0,100.0,0.0,38.8,0.0651920240520376,23.29476,0.0511467789796921,83.01428571428572
81,213,-0.0027,0.0003,100.0,518.67,643.49,1598.35,1427.83,14.62,21.61,551.53,2388.2,9075.26,1.3,48.11,519.67,2388.22,8148.37,8.4987,0.03,397,2388,100.0,38.46,23.1537,-0.00102,0.0028243583342061,0.0001199999999999,0.0002774887385102,100.0,0.0,518.67,0.0,643.436,0.1944993573220009,1599.004,3.1617763994299386,1427.678,2.660802510532588,14.62,0.0,21.61,0.0,551.236,0.1886266153000717,2388.216,0.0304959013608113,9077.586,3.054550703422142,1.3,0.0,48.032,0.0947100839404272,519.7180000000001,0.3194056981326872,2388.192,0.0454972526702439,8150.4,3.080032467359409,8.506620000000002,0.0094155191039379,0.03,0.0,396.0,0.7071067811865325,2388.0,0.0,100.0,0.0,38.446,0.1059716943339452,23.130460000000003,0.0592435903705687,6.3428571428571425
82,162,-0.0016,0.0,100.0,518.67,643.57,1597.99,1427.69,14.62,21.61,551.15,2388.2,9058.64,1.3,48.08,520.02,2388.29,8126.2,8.5028,0.03,397,2388,100.0,38.62,23.1211,-0.0003,0.0016598192672697,-3.9999999999999976e-05,0.0003361547262794,100.0,0.0,518.67,0.0,643.3779999999999,0.2245439823326964,1595.932,4.039160803928068,1422.1420000000005,3.8460330211806304,14.62,0.0,21.61,0.0,551.95,0.4971418308685002,2388.228,0.0454972526625887,9051.324,4.426921051958626,1.3,0.0,48.08,0.0997496867161785,519.9300000000001,0.1948075973835445,2388.254,0.0296647939720889,8127.331999999999,2.414895442851426,8.50892,0.0112755044233098,0.03,0.0,395.4,1.3416407864998794,2388.0,0.0,100.0,0.0,38.542,0.0852642949892831,23.18104,0.0549554637865842,11.657142857142857
83,73,-0.0024,0.0002,100.0,518.67,642.81,1594.68,1406.9,14.62,21.61,553.87,2388.06,9058.7,1.3,47.2,521.67,2388.09,8141.38,8.4309,0.03,392,2388,100.0,38.74,23.3021,-0.00142,0.0018673510650116,1.0842021724855043e-20,0.0002345207879911,100.0,0.0,518.67,0.0,642.586,0.2193855054462919,1588.69,4.330265580768746,1402.496,4.6749577538201565,14.62,0.0,21.61,0.0,554.358,0.6290230520420458,2388.066,0.0288097205809558,9058.824,4.48315513895602,1.3,0.0,47.386,0.1171750826754573,521.86,0.201494416795993,2388.0600000000004,0.0374165738678925,8140.986,2.327494360898968,8.41644,0.0168929867104658,0.03,0.0,392.6,0.5477225575050597,2388.0,0.0,100.0,0.0,38.896,0.1860913754046491,23.37262,0.085881732632732,148.22857142857143
84,172,0.0015,0.0001,100.0,518.67,643.39,1588.7,1412.73,14.62,21.61,552.47,2388.16,9050.57,1.3,47.6,520.88,2388.22,8130.61,8.4791,0.03,395,2388,100.0,38.62,23.2039,-0.00154,0.0027844209451877,-0.0001399999999999,0.0003781534080237,100.0,0.0,518.67,0.0,642.7560000000001,0.4496443038672256,1592.9,4.386199949843552,1411.244,3.619707170477213,14.62,0.0,21.61,0.0,552.524,0.4563770371080666,2388.15,0.0199999999994749,9048.334,2.637817279511359,1.3,0.0,47.658,0.0563027530410776,520.8720000000001,0.1933132173432252,2388.1620000000003,0.0601664358259781,8131.068000000001,2.963523241015165,8.45644,0.028968741774554,0.03,0.0,394.0,1.2247448713916125,2388.0,0.0,100.0,0.0,38.74,0.0886002257333197,23.21514,0.0518848050974596,64.44285714285714
85,34,0.0014,-0.0005,100.0,518.67,642.58,1582.94,1413.22,14.62,21.61,553.55,2388.07,9045.23,1.3,47.73,521.43,2388.09,8126.6,8.4228,0.03,393,2388,100.0,38.84,23.3107,0.00064,0.0007021395872616,-0.00028,0.000294957624075,100.0,0.0,518.67,0.0,642.742,0.2873499608494598,1589.012,5.165793259510011,1405.8759999999995,6.150177233218602,14.62,0.0,21.61,0.0,553.192,0.2547940344668493,2388.09,0.0244948974278671,9049.254,2.698884954937607,1.3,0.0,47.516000000000005,0.1207476707849934,521.492,0.3225988220687354,2388.114,0.0288097205822149,8129.790000000001,2.085329710141233,8.4253,0.0087635609200817,0.03,0.0,392.8,1.095445115010335,2388.0,0.0,100.0,0.0,38.856,0.0879204185613172,23.23842,0.0696730722733054,126.82857142857142
86,110,-0.0012,0.0004,100.0,518.67,643.07,1586.29,1404.83,14.62,21.61,553.65,2388.05,9074.53,1.3,47.52,521.52,2388.13,8148.14,8.45,0.03,394,2388,100.0,38.94,23.2484,-0.0019199999999999,0.0016269603560013,0.0001,0.0003391164991562,100.0,0.0,518.67,0.0,642.8979999999999,0.2415988410576627,1586.952,3.042469391794112,1406.15,2.395203540410796,14.62,0.0,21.61,0.0,553.53,0.2006240264787886,2388.064,0.0151657508898602,9066.59,4.795826310463512,1.3,0.0,47.424,0.0814248119433415,521.5459999999999,0.2085185843038424,2388.1,0.0387298334597965,8145.827999999999,2.1974234912533306,8.44018,0.0189104997289832,0.03,0.0,392.6,1.3416407864998914,2388.0,0.0,100.0,0.0,38.844,0.1234098861518113,23.30948,0.0456874928180365,125.85714285714286
87,56,-0.0019,0.0005,100.0,518.67,642.18,1584.33,1391.48,14.62,21.61,554.39,2388.04,9056.99,1.3,47.4,522.15,2388.02,8146.94,8.4313,0.03,393,2388,100.0,38.89,23.2605,-0.00152,0.0021947665023869,0.00014,0.0002509980079602,100.0,0.0,518.67,0.0,642.1479999999999,0.3762578902828928,1585.836,6.274964541732433,1397.226,3.65722982597533,14.62,0.0,21.61,0.0,554.3040000000001,0.4789363214457574,2388.04,0.0254950975660344,9059.682,3.29731254204745,1.3,0.0,47.298,0.0889943818451414,522.146,0.3303483010400133,2388.0440000000003,0.0288097205832205,8142.17,4.446504244908011,8.418,0.0300808078348982,0.03,0.0,392.2,0.8366600265340858,2388.0,0.0,100.0,0.0,38.988,0.0715541752799497,23.37482,0.0707527879309374,136.8
88,68,0.0021,0.0005,100.0,518.67,642.91,1593.67,1405.22,14.62,21.61,553.68,2388.14,9046.75,1.3,47.39,521.69,2388.18,8127.79,8.4101,0.03,394,2388,100.0,38.8,23.4181,0.0,0.0013820274961085,0.0001199999999999,0.0003962322551231,100.0,0.0,518.67,0.0,642.926,0.3576730350470951,1588.374,5.114482378500905,1408.816,3.184498390642409,14.62,0.0,21.61,0.0,553.382,0.2524282076167149,2388.152,0.0130384048106019,9042.624,3.2086882054853865,1.3,0.0,47.592,0.1362717872488857,521.2679999999999,0.3683340874804349,2388.1400000000003,0.0264575131095325,8123.44,4.352608413355047,8.44868,0.0230480367927522,0.03,0.0,393.2,0.8366600265340539,2388.0,0.0,100.0,0.0,38.812,0.1130044246921317,23.3219,0.0784348455726192,148.05714285714285
89,177,0.001,-0.0003,100.0,518.67,642.91,1588.94,1407.43,14.62,21.61,553.18,2388.08,9057.58,1.3,47.36,521.47,2388.12,8130.76,8.4575,0.03,395,2388,100.0,38.82,23.235,0.0009,0.0021130546609115,-0.0001199999999999,0.0002387467277262,100.0,0.0,518.67,0.0,642.89,0.2390606617565063,1589.3179999999998,2.9606705321580367,1407.884,3.5582341125916988,14.62,0.0,21.61,0.0,553.3399999999999,0.2689795531261439,2388.098,0.0349284983966139,9053.052,4.178776136633218,1.3,0.0,47.45,0.0924662100445433,521.2560000000001,0.1916507239746729,2388.128,0.013038404787133,8133.040000000001,1.4968633872577264,8.437439999999999,0.0163762938420137,0.03,0.0,393.8,1.3038404810405009,2388.0,0.0,100.0,0.0,38.824,0.0844393273303011,23.27482,0.0384352962783251,130.37142857142857
90,146,-0.0011,0.0003,100.0,518.67,643.45,1587.78,1418.85,14.62,21.61,552.31,2388.19,9087.59,1.3,48.0,521.32,2388.09,8156.46,8.4686,0.03,393,2388,100.0,38.6,23.1409,0.0014599999999999,0.0019578048932414,-8.000000000000007e-05,0.0003633180424916,100.0,0.0,518.67,0.0,643.164,0.3986602563592806,1594.22,6.885633594667005,1419.754,4.8538829816952616,14.62,0.0,21.61,0.0,552.628,0.5042519211663546,2388.166,0.0260768096176675,9083.888,3.41077263981931,1.3,0.0,47.968,0.1015874007933976,520.6020000000001,0.5271811832757488,2388.12,0.0273861278725765,8156.611999999999,2.153803612162072,8.469739999999998,0.0145863977732796,0.03,0.0,394.6,1.140175425099129,2388.0,0.0,100.0,0.0,38.64,0.0966953980290739,23.13518,0.0539350257253228,25.4
91,234,-0.0003,0.0001,100.0,518.67,643.18,1605.05,1419.74,14.62,21.61,552.22,2388.2,9052.13,1.3,48.01,520.96,2388.21,8123.71,8.5104,0.03,395,2388,100.0,38.73,23.2522,-0.00046,0.0017096783323186,-0.00016,0.0002073644135332,100.0,0.0,518.67,0.0,643.326,0.2364952430799649,1597.582,5.183369560432922,1417.722,3.363624533146456,14.62,0.0,21.61,0.0,552.01,0.3217918581936133,2388.214,0.0260768096298179,9049.766,2.805446488524839,1.3,0.0,47.962,0.0396232255124083,520.104,0.5250047618826895,2388.224,0.0328633534646512,8126.664,3.5239438134004826,8.48826,0.022729562248278,0.03,0.0,394.4,0.5477225575050273,2388.0,0.0,100.0,0.0,38.612,0.1138859078200627,23.12128,0.092940583170138,18.585714285714285
92,150,-0.001,-0.0004,100.0,518.67,644.03,1597.06,1414.07,14.62,21.61,550.88,2388.23,9049.25,1.3,47.98,520.17,2388.19,8122.89,8.4804,0.03,394,2388,100.0,38.53,23.1211,-0.00046,0.0018297540818372,-6.000000000000001e-05,0.0003781534080237,100.0,0.0,518.67,0.0,643.1780000000001,0.5210278303508776,1596.368,3.9260501779771455,1420.5220000000002,4.005367648542529,14.62,0.0,21.61,0.0,551.704,0.5440404396748794,2388.216,0.0207364413632015,9048.138,2.478330082930626,1.3,0.0,48.010000000000005,0.0874642784224882,520.258,0.3721155734435384,2388.224,0.0304959013585513,8123.536,2.304795001726501,8.484440000000001,0.0160303774128802,0.03,0.0,395.4,1.3416407864998356,2388.0,0.0,100.0,0.0,38.55,0.0587367006221658,23.15868,0.0553899088282818,17.32857142857143
93,244,-0.0019,-0.0003,100.0,518.67,643.02,1598.84,1416.19,14.62,21.61,552.86,2388.15,9074.82,1.3,47.67,520.66,2388.14,8155.63,8.4826,0.03,392,2388,100.0,38.7,23.1944,-0.001,0.0012227019260637,-0.00014,0.0003209361307176,100.0,0.0,518.67,0.0,643.0659999999999,0.5152475133372535,1594.724,2.8917261281109017,1417.686,2.425207207647936,14.62,0.0,21.61,0.0,552.3320000000001,0.4896631495242982,2388.134,0.0482700735422666,9078.88,4.267944470040635,1.3,0.0,47.734,0.0439317652729703,520.732,0.2324220299357909,2388.144,0.0250998007927496,8154.142,1.6469881602014045,8.48922,0.0161352719220713,0.03,0.0,394.0,1.224744871391518,2388.0,0.0,100.0,0.0,38.674,0.0853229160307945,23.20116,0.050506514431301,42.25714285714286
94,133,0.0008,0.0001,100.0,518.67,642.77,1589.5,1420.94,14.62,21.61,552.78,2388.17,9051.22,1.3,47.81,520.62,2388.13,8133.36,8.5167,0.03,393,2388,100.0,38.63,23.2933,6.000000000000066e-05,0.0022864820139244,2.000000000000001e-05,0.0002588435821108,100.0,0.0,518.67,0.0,642.778,0.1130044246909253,1594.468,5.538494380243016,1414.982,4.2235435359422056,14.62,0.0,21.61,0.0,552.6119999999999,0.2730750812500619,2388.1580000000004,0.0258843582144757,9058.074,5.0281338486631135,1.3,0.0,47.696,0.0861974477581044,520.9200000000001,0.3577708763995999,2388.14,0.0264575131111879,8133.992,2.247402945612545,8.473759999999999,0.028827469538629,0.03,0.0,393.6,0.5477225575051213,2388.0,0.0,100.0,0.0,38.694,0.1537205256301321,23.20244,0.0947025501240779,55.52857142857143
95,89,0.0001,0.0004,100.0,518.67,641.97,1586.25,1398.61,14.62,21.61,553.47,2388.08,9052.14,1.3,47.42,521.95,2388.1,8135.14,8.4294,0.03,394,2388,100.0,38.94,23.3458,-0.00016,0.001509304475578,0.0002199999999999,0.0002049390153191,100.0,0.0,518.67,0.0,642.328,0.545591422219889,1585.458,3.126318921671152,1403.112,4.251749051859854,14.62,0.0,21.608,0.0044721359549988,553.458,0.294057817444889,2388.082,0.0178885438159919,9050.490000000002,2.770875312978665,1.3,0.0,47.428,0.0563027530410736,521.72,0.3181194744113681,2388.05,0.0316227766021161,8132.858,3.486419366625476,8.42714,0.008429294157895,0.03,0.0,393.0,1.0000000000000124,2388.0,0.0,100.0,0.0,38.934,0.0746993975879353,23.34286,0.0496683802836375,128.4857142857143
96,97,-0.0006,0.0003,100.0,518.67,642.3,1590.88,1397.94,14.62,21.61,553.99,2388.03,9062.41,1.3,47.14,522.3,2388.01,8148.24,8.411,0.03,391,2388,100.0,38.96,23.4606,-0.00148,0.0011519548602267,0.0001999999999999,0.0003535533905932,100.0,0.0,518.67,0.0,642.274,0.1320227253166962,1588.696,6.148636434203466,1399.86,4.033088146817013,14.62,0.0,21.61,0.0,554.3219999999999,0.365472297171218,2388.028,0.0109544511508673,9069.904,4.798429951557393,1.3,0.0,47.260000000000005,0.1226784414638595,522.308,0.2308029462552277,2388.0380000000005,0.0383405790243452,8149.114,3.7892519050554623,8.41294,0.0188998148139116,0.03,0.0,392.0,1.0000000000000018,2388.0,0.0,100.0,0.0,39.02,0.0620483682299749,23.37366,0.0727512405392472,150.11428571428573
97,134,0.0013,-0.0001,100.0,518.67,642.59,1582.96,1410.92,14.62,21.61,554.05,2388.06,9076.36,1.3,47.38,521.58,2388.06,8155.48,8.45,0.03,395,2388,100.0,38.61,23.2953,0.00102,0.0032042159727459,0.0001999999999999,0.0003316624790355,100.0,0.0,518.67,0.0,642.4739999999999,0.2784420945187013,1586.958,3.967192962284314,1403.138,4.916626892494702,14.62,0.0,21.61,0.0,553.9399999999999,0.4011857425179353,2388.046,0.0181659021333362,9078.602,4.124120512269959,1.3,0.0,47.384,0.0934344690143612,521.722,0.2168409555425259,2388.0520000000006,0.0130384047980373,8153.289999999999,4.418517851041802,8.42578,0.018801515896337,0.03,0.0,393.6,1.34164078649987,2388.0,0.0,100.0,0.0,38.804,0.1624192106863736,23.35936,0.0545581158032478,93.88571428571429
98,121,0.0017,0.0001,100.0,518.67,642.68,1599.51,1415.47,14.62,21.61,553.44,2388.13,9062.34,1.3,47.66,521.53,2388.09,8146.39,8.4235,0.03,394,2388,100.0,38.76,23.3608,0.00092,0.0011584472366059,2e-05,0.0001923538406167,100.0,0.0,518.67,0.0,642.744,0.2493591786966086,1593.578,4.324016651212357,1411.744,4.815483360994097,14.62,0.0,21.61,0.0,553.246,0.1596245595164952,2388.114,0.0151657508943687,9063.68,2.654213631195623,1.3,0.0,47.614,0.1167475909816349,521.362,0.3258373827545867,2388.1159999999995,0.0151657508858829,8141.98,3.216822966844915,8.459480000000001,0.0216763004223561,0.03,0.0,394.0,0.7071067811865526,2388.0,0.0,100.0,0.0,38.764,0.0364691650574249,23.3079,0.0593680048510791,94.12857142857143
99,97,0.0047,-0.0,100.0,518.67,642.0,1585.03,1397.98,14.62,21.61,554.75,2388.01,9067.16,1.3,47.26,521.82,2388.02,8150.38,8.4003,0.03,391,2388,100.0,38.95,23.3595,-0.00052,0.0029727092020579,-2.710505431213761e-20,0.0003082207001484,100.0,0.0,518.67,0.0,642.3700000000001,0.2968164415936928,1584.4060000000002,1.9017044986011584,1399.4900000000002,2.7439023306249357,14.62,0.0,21.61,0.0,554.3720000000001,0.4878216887347089,2388.004,0.0181659021250002,9067.76,4.039306871213068,1.3,0.0,47.194,0.0712741187247844,521.972,0.3537937252127399,2388.0240000000003,0.0207364413513579,8152.418,4.816266188664144,8.39912,0.0161194602887201,0.03,0.0,391.0,0.7071067811865476,2388.0,0.0,100.0,0.0,38.994,0.0782943165242633,23.3945,0.0785086937860885,169.31428571428572
100,198,0.0013,0.0003,100.0,518.67,642.95,1601.62,1424.99,14.62,21.61,552.48,2388.06,9155.03,1.3,47.8,521.07,2388.05,8214.64,8.4903,0.03,396,2388,100.0,38.7,23.1855,0.00014,0.0032253681960359,-8.673617379884036e-20,0.0002236067977499,100.0,0.0,518.67,0.0,643.222,0.1755562587907911,1596.98,3.4613436697282305,1417.802,7.014140717151324,14.62,0.0,21.61,0.0,553.104,0.377928564677212,2388.062,0.0327108544698633,9146.748,5.678936519928286,1.3,0.0,47.654,0.0928977933001364,521.0640000000001,0.2368121618498688,2388.052,0.0356370593617691,8215.298,3.70521524359164,8.4682,0.0152019735560163,0.03,0.0,395.0,0.707106781186545,2388.0,0.0,100.0,0.0,38.64,0.0484767985746527,23.227,0.0430941991455926,18.414285714285715
